<?xml version="1.0" encoding="UTF-8"?>
<manifest xmlns="http://www.govtalk.gov.uk/CM/envelope" xmlns:xsi="http://www.w3.org/2001/XMLSchema-instance" xsi:schemaLocation="http://www.govtalk.gov.uk/CM/envelope http://xmlgw.companieshouse.gov.uk/v1-0/schema/CHIPS_manifest-v1-0.xsd">
    <manifest-data>
        <package-identifier>13617115</package-identifier>
        <package-type>CIC34</package-type>
        <package-version>1.0</package-version>
        <submission-date>2025-11-21</submission-date>
        <submission-time>01:09:35</submission-time>
        <supplier>
            <supplier-name>Middleworld Farms Ltd</supplier-name>
            <supplier-id>13617115</supplier-id>
        </supplier>
    </manifest-data>
    <files>
        <file>
            <file-name>CIC-13617115/CIC34/accounts/accounts.html</file-name>
            <file-type>text/html</file-type>
            <file-size>1024</file-size>
        </file>
        <file>
            <file-name>CIC-13617115/manifest.xml</file-name>
            <file-type>text/xml</file-type>
            <file-size>1024</file-size>
        </file>
    </files>
</manifest>